{"type":"FeatureCollection", "features": [
{"type":"Feature","geometry":null,"properties":{"month":1,"Location":"Beijing","victim-code":"b1-1","lat":39.3433574,"long":117.3616476}},
{"type":"Feature","geometry":null,"properties":{"month":1,"Location":"Beijing","victim-code":"b1-2","lat":40.0702216,"long":115.8044499}},
{"type":"Feature","geometry":null,"properties":{"month":1,"Location":"Beijing","victim-code":"b1-3","lat":39.7161981,"long":115.7605046}},
{"type":"Feature","geometry":null,"properties":{"month":1,"Location":"Beijing","victim-code":"b1-4","lat":40.0702216,"long":115.2771061}},
{"type":"Feature","geometry":null,"properties":{"month":1,"Location":"Beijing","victim-code":"b1-5","lat":40.556101,"long":115.6286686}},
{"type":"Feature","geometry":null,"properties":{"month":1,"Location":"Beijing","victim-code":"b1-6","lat":40.5059998,"long":116.375739}},
{"type":"Feature","geometry":null,"properties":{"month":1,"Location":"Beijing","victim-code":"b1-7","lat":40.5059998,"long":115.1452702}},
{"type":"Feature","geometry":null,"properties":{"month":1,"Location":"Beijing","victim-code":"b1-8","lat":40.2381611,"long":116.7712468}},
{"type":"Feature","geometry":null,"properties":{"month":2,"Location":"Beijing","victim-code":"b2-1","lat":40.9389649,"long":115.2771061}},
{"type":"Feature","geometry":null,"properties":{"month":3,"Location":"Shanghai","victim-code":"s3-1","lat":31.230416,"long":121.473701}},
{"type":"Feature","geometry":null,"properties":{"month":4,"Location":"Beijing","victim-code":"b4-1","lat":40.9555611,"long":115.9362858}},
{"type":"Feature","geometry":null,"properties":{"month":4,"Location":"Beijing","victim-code":"b4-2","lat":40.9057599,"long":116.5515202}},
{"type":"Feature","geometry":null,"properties":{"month":4,"Location":"Beijing","victim-code":"b4-3","lat":40.6395197,"long":116.9909733}},
{"type":"Feature","geometry":null,"properties":{"month":4,"Location":"Beijing","victim-code":"b4-4","lat":40.8392999,"long":114.7058171}},
{"type":"Feature","geometry":null,"properties":{"month":4,"Location":"Beijing","victim-code":"b4-5","lat":40.4391399,"long":114.7058171}},
{"type":"Feature","geometry":null,"properties":{"month":4,"Location":"Beijing","victim-code":"b4-6","lat":40.0365839,"long":114.7937077}},
{"type":"Feature","geometry":null,"properties":{"month":4,"Location":"Beijing","victim-code":"b4-7","lat":40.3387253,"long":115.4528874}},
{"type":"Feature","geometry":null,"properties":{"month":4,"Location":"Beijing","victim-code":"b4-8","lat":40.3722135,"long":115.9802311}},
{"type":"Feature","geometry":null,"properties":{"month":4,"Location":"Beijing","victim-code":"b4-9","lat":40.7741176,"long":115.0134774}},
{"type":"Feature","geometry":null,"properties":{"month":4,"Location":"Guangzhou, Guangdong","victim-code":"gg4-1","lat":23.12911,"long":113.264385}},
{"type":"Feature","geometry":null,"properties":{"month":4,"Location":"Guangzhou, Guangdong","victim-code":"gg4-2","lat":22.7661439,"long":113.1677311}},
{"type":"Feature","geometry":null,"properties":{"month":4,"Location":"Guangzhou, Guangdong","victim-code":"gg4-3","lat":23.0090565,"long":113.6511296}},
{"type":"Feature","geometry":null,"properties":{"month":4,"Location":"Guangzhou, Guangdong","victim-code":"gg4-4","lat":23.3726058,"long":113.563239}},
{"type":"Feature","geometry":null,"properties":{"month":4,"Location":"Guangzhou, Guangdong","victim-code":"gg4-5","lat":22.9686013,"long":113.9587468}},
{"type":"Feature","geometry":null,"properties":{"month":4,"Location":"Guangzhou, Guangdong","victim-code":"gg4-6","lat":23.3726058,"long":113.8708561}},
{"type":"Feature","geometry":null,"properties":{"month":4,"Location":"Guangzhou, Guangdong","victim-code":"gg4-7","lat":23.45326,"long":113.2556218}},
{"type":"Feature","geometry":null,"properties":{"month":4,"Location":"Guangzhou, Guangdong","victim-code":"gg4-8","lat":23.2919026,"long":114.134528}},
{"type":"Feature","geometry":null,"properties":{"month":4,"Location":"Guangzhou, Guangdong","victim-code":"gg4-9","lat":23.0090565,"long":114.266364}},
{"type":"Feature","geometry":null,"properties":{"month":4,"Location":"Shanghai","victim-code":"s4-1","lat":31.5505381,"long":121.1218327}},
{"type":"Feature","geometry":null,"properties":{"month":4,"Location":"Shanghai","victim-code":"s4-2","lat":31.9988444,"long":121.2536686}},
{"type":"Feature","geometry":null,"properties":{"month":4,"Location":"Shanghai","victim-code":"s4-3","lat":31.8123142,"long":120.9021061}},
{"type":"Feature","geometry":null,"properties":{"month":4,"Location":"Shanghai","victim-code":"s4-4","lat":32.1105808,"long":120.8142155}},
{"type":"Feature","geometry":null,"properties":{"month":4,"Location":"Shanghai","victim-code":"s4-5","lat":32.1105808,"long":120.8142155}},
{"type":"Feature","geometry":null,"properties":{"month":4,"Location":"Zhengzhou, Henan","victim-code":"zh4-1","lat":34.746611,"long":113.625328}},
{"type":"Feature","geometry":null,"properties":{"month":4,"Location":"Zhengzhou, Henan","victim-code":"zh4-2","lat":34.533795,"long":114.0905827}},
{"type":"Feature","geometry":null,"properties":{"month":4,"Location":"Zhengzhou, Henan","victim-code":"zh4-3","lat":35.0750469,"long":113.6511296}},
{"type":"Feature","geometry":null,"properties":{"month":4,"Location":"Zhengzhou, Henan","victim-code":"zh4-4","lat":35.1828701,"long":113.3435124}},
{"type":"Feature","geometry":null,"properties":{"month":4,"Location":"Zhengzhou, Henan","victim-code":"zh4-5","lat":34.967081,"long":113.3435124}},
{"type":"Feature","geometry":null,"properties":{"month":6,"Location":"Linyi, Shandong","victim-code":"ls6-1","lat":35.104673,"long":118.356414}},
{"type":"Feature","geometry":null,"properties":{"month":6,"Location":"Linyi, Shandong","victim-code":"ls6-2","lat":35.1828701,"long":118.6608952}},
{"type":"Feature","geometry":null,"properties":{"month":6,"Location":"Qingyang, Gansu","victim-code":"qg6-1","lat":35.709077,"long":107.643631}},
{"type":"Feature","geometry":null,"properties":{"month":7,"Location":"Beijing","victim-code":"b7-1","lat":39.7700348,"long":115.1959381}},
{"type":"Feature","geometry":null,"properties":{"month":7,"Location":"Beijing","victim-code":"b7-2","lat":41.157476,"long":115.5914459}},
{"type":"Feature","geometry":null,"properties":{"month":7,"Location":"Beijing","victim-code":"b7-3","lat":40.2385064,"long":115.0575803}},
{"type":"Feature","geometry":null,"properties":{"month":7,"Location":"Beijing","victim-code":"b7-4","lat":40.6394791,"long":114.354143}},
{"type":"Feature","geometry":null,"properties":{"month":7,"Location":"Beijing","victim-code":"b7-5","lat":39.8206819,"long":114.8883209}},
{"type":"Feature","geometry":null,"properties":{"month":7,"Location":"Beijing","victim-code":"b7-6","lat":41.2236158,"long":116.1187897}},
{"type":"Feature","geometry":null,"properties":{"month":7,"Location":"Beijing","victim-code":"b7-7","lat":40.2245149,"long":116.2945709}},
{"type":"Feature","geometry":null,"properties":{"month":7,"Location":"Beijing","victim-code":"b7-8","lat":41.4875064,"long":115.7232818}},
{"type":"Feature","geometry":null,"properties":{"month":7,"Location":"Beijing","victim-code":"b7-9","lat":41.1905543,"long":114.8883209}},
{"type":"Feature","geometry":null,"properties":{"month":7,"Location":"Beijing","victim-code":"b7-10","lat":41.1243811,"long":114.4928131}},
{"type":"Feature","geometry":null,"properties":{"month":7,"Location":"Beijing","victim-code":"b7-11","lat":40.958656,"long":114.2291412}},
{"type":"Feature","geometry":null,"properties":{"month":7,"Location":"Beijing","victim-code":"b7-12","lat":40.3920726,"long":114.3609772}},
{"type":"Feature","geometry":null,"properties":{"month":7,"Location":"Beijing","victim-code":"b7-13","lat":40.5592145,"long":114.0973053}},
{"type":"Feature","geometry":null,"properties":{"month":7,"Location":"Beijing","victim-code":"b7-14","lat":39.8544259,"long":116.030899}},
{"type":"Feature","geometry":null,"properties":{"month":7,"Location":"Beijing","victim-code":"b7-15","lat":41.2566606,"long":116.4264068}},
{"type":"Feature","geometry":null,"properties":{"month":7,"Location":"Beijing","victim-code":"b7-16","lat":41.5533118,"long":116.0748443}},
{"type":"Feature","geometry":null,"properties":{"month":7,"Location":"Beijing","victim-code":"b7-17","lat":41.7174487,"long":115.9432325}},
{"type":"Feature","geometry":null,"properties":{"month":7,"Location":"Beijing","victim-code":"b7-18","lat":41.421634,"long":115.4156647}},
{"type":"Feature","geometry":null,"properties":{"month":7,"Location":"Beijing","victim-code":"b7-19","lat":41.6518944,"long":115.0641022}},
{"type":"Feature","geometry":null,"properties":{"month":7,"Location":"Beijing","victim-code":"b7-20","lat":41.5204175,"long":116.3825062}},
{"type":"Feature","geometry":null,"properties":{"month":7,"Location":"Beijing","victim-code":"b7-21","lat":41.6844708,"long":116.6460663}},
{"type":"Feature","geometry":null,"properties":{"month":7,"Location":"Beijing","victim-code":"b7-22","lat":41.9303937,"long":115.6793365}},
{"type":"Feature","geometry":null,"properties":{"month":7,"Location":"Beijing","victim-code":"b7-23","lat":41.0384731,"long":116.9028037}},
{"type":"Feature","geometry":null,"properties":{"month":7,"Location":"Beijing","victim-code":"b7-24","lat":41.2369419,"long":117.0781642}},
{"type":"Feature","geometry":null,"properties":{"month":7,"Location":"Beijing","victim-code":"b7-25","lat":41.4381084,"long":114.3609772}},
{"type":"Feature","geometry":null,"properties":{"month":7,"Location":"Beijing","victim-code":"b7-26","lat":41.7502175,"long":116.2947727}},
{"type":"Feature","geometry":null,"properties":{"month":7,"Location":"Beijing","victim-code":"b7-27","lat":39.7024473,"long":114.5807037}},
{"type":"Feature","geometry":null,"properties":{"month":7,"Location":"Beijing","victim-code":"b7-28","lat":40.9088571,"long":117.2174225}},
{"type":"Feature","geometry":null,"properties":{"month":7,"Location":"Beijing","victim-code":"b7-29","lat":40.6422295,"long":117.4373251}},
{"type":"Feature","geometry":null,"properties":{"month":7,"Location":"Beijing","victim-code":"b7-30","lat":41.1376322,"long":117.3419805}},
{"type":"Feature","geometry":null,"properties":{"month":7,"Location":"Beijing","victim-code":"b7-31","lat":41.4711283,"long":117.3493252}},
{"type":"Feature","geometry":null,"properties":{"month":7,"Location":"Beijing","victim-code":"b7-32","lat":40.3083125,"long":114.0094583}},
{"type":"Feature","geometry":null,"properties":{"month":7,"Location":"Beijing","victim-code":"b7-33","lat":40.5091157,"long":113.7017975}},
{"type":"Feature","geometry":null,"properties":{"month":7,"Location":"Beijing","victim-code":"b7-34","lat":41.1408305,"long":114.0971721}},
{"type":"Feature","geometry":null,"properties":{"month":7,"Location":"Beijing","victim-code":"b7-35","lat":41.9791284,"long":116.5576572}},
{"type":"Feature","geometry":null,"properties":{"month":7,"Location":"Beijing","victim-code":"b7-36","lat":40.2748258,"long":117.0416412}},
{"type":"Feature","geometry":null,"properties":{"month":7,"Location":"Beijing","victim-code":"b7-37","lat":40.3753356,"long":117.3492584}},
{"type":"Feature","geometry":null,"properties":{"month":7,"Location":"Beijing","victim-code":"b7-38","lat":39.9047453,"long":114.3168585}},
{"type":"Feature","geometry":null,"properties":{"month":7,"Location":"Beijing","victim-code":"b7-39","lat":42.0283986,"long":116.162735}},
{"type":"Feature","geometry":null,"properties":{"month":7,"Location":"Beijing","victim-code":"b7-40","lat":42.2239548,"long":116.4258634}},
{"type":"Feature","geometry":null,"properties":{"month":7,"Location":"Beijing","victim-code":"b7-41","lat":39.6007765,"long":115.5033401}},
{"type":"Feature","geometry":null,"properties":{"month":7,"Location":"Beijing","victim-code":"b7-42","lat":39.5670736,"long":116.030899}},
{"type":"Feature","geometry":null,"properties":{"month":7,"Location":"Beijing","victim-code":"b7-43","lat":39.9723993,"long":116.7779693}},
{"type":"Feature","geometry":null,"properties":{"month":7,"Location":"Beijing","victim-code":"b7-44","lat":39.7014379,"long":116.6274376}},
{"type":"Feature","geometry":null,"properties":{"month":7,"Location":"Beijing","victim-code":"b7-45","lat":41.5697527,"long":116.9537506}},
{"type":"Feature","geometry":null,"properties":{"month":7,"Location":"Changchun, Jilin","victim-code":"cj7-1","lat":43.817071,"long":125.323544}},
{"type":"Feature","geometry":null,"properties":{"month":7,"Location":"Chengdu, Sichuan","victim-code":"cs7-1","lat":30.572815,"long":104.066801}},
{"type":"Feature","geometry":null,"properties":{"month":7,"Location":"Chengdu, Sichuan","victim-code":"cs7-2","lat":30.2950986,"long":104.3571892}},
{"type":"Feature","geometry":null,"properties":{"month":7,"Location":"Guangzhou, Guangdong","victim-code":"gg7-1","lat":23.602225,"long":112.9265251}},
{"type":"Feature","geometry":null,"properties":{"month":7,"Location":"Guangzhou, Guangdong","victim-code":"gg7-2","lat":23.6948006,"long":113.4313617}},
{"type":"Feature","geometry":null,"properties":{"month":7,"Location":"Guangzhou, Guangdong","victim-code":"gg7-3","lat":23.6827386,"long":113.8054314}},
{"type":"Feature","geometry":null,"properties":{"month":7,"Location":"Guangzhou, Guangdong","victim-code":"gg7-4","lat":24.0042956,"long":113.6296501}},
{"type":"Feature","geometry":null,"properties":{"month":7,"Location":"Guangzhou, Guangdong","victim-code":"gg7-5","lat":23.0372522,"long":112.8825798}},
{"type":"Feature","geometry":null,"properties":{"month":7,"Location":"Guangzhou, Guangdong","victim-code":"gg7-6","lat":22.7538709,"long":112.8386345}},
{"type":"Feature","geometry":null,"properties":{"month":7,"Location":"Guangzhou, Guangdong","victim-code":"gg7-7","lat":23.4129133,"long":114.4420846}},
{"type":"Feature","geometry":null,"properties":{"month":7,"Location":"Guangzhou, Guangdong","victim-code":"gg7-8","lat":23.1303601,"long":114.5738816}},
{"type":"Feature","geometry":null,"properties":{"month":7,"Location":"Guangzhou, Guangdong","victim-code":"gg7-9","lat":24.1246733,"long":113.2780876}},
{"type":"Feature","geometry":null,"properties":{"month":7,"Location":"Guangzhou, Guangdong","victim-code":"gg7-10","lat":23.9641447,"long":113.9812126}},
{"type":"Feature","geometry":null,"properties":{"month":7,"Location":"Guangzhou, Guangdong","victim-code":"gg7-11","lat":24.3650887,"long":113.5417595}},
{"type":"Feature","geometry":null,"properties":{"month":7,"Location":"Guangzhou, Guangdong","victim-code":"gg7-12","lat":23.3200388,"long":112.7507439}},
{"type":"Feature","geometry":null,"properties":{"month":7,"Location":"Guangzhou, Guangdong","victim-code":"gg7-13","lat":22.9554783,"long":112.5303014}},
{"type":"Feature","geometry":null,"properties":{"month":7,"Location":"Guangzhou, Guangdong","victim-code":"gg7-14","lat":23.602225,"long":112.6189079}},
{"type":"Feature","geometry":null,"properties":{"month":7,"Location":"Hangzhou, Zhejiang","victim-code":"hz7-1","lat":30.274084,"long":120.15507}},
{"type":"Feature","geometry":null,"properties":{"month":7,"Location":"Hangzhou, Zhejiang","victim-code":"hz7-2","lat":30.4467574,"long":119.7902145}},
{"type":"Feature","geometry":null,"properties":{"month":7,"Location":"Hangzhou, Zhejiang","victim-code":"hz7-3","lat":30.143205,"long":119.6583786}},
{"type":"Feature","geometry":null,"properties":{"month":7,"Location":"Hangzhou, Zhejiang","victim-code":"hz7-4","lat":30.6358518,"long":119.6145189}},
{"type":"Feature","geometry":null,"properties":{"month":7,"Location":"Hangzhou, Zhejiang","victim-code":"hz7-5","lat":30.2950986,"long":119.3947067}},
{"type":"Feature","geometry":null,"properties":{"month":7,"Location":"Hangzhou, Zhejiang","victim-code":"hz7-6","lat":29.9910771,"long":119.3068161}},
{"type":"Feature","geometry":null,"properties":{"month":7,"Location":"Hangzhou, Zhejiang","victim-code":"hz7-7","lat":30.1812004,"long":119.0431442}},
{"type":"Feature","geometry":null,"properties":{"month":7,"Location":"Hangzhou, Zhejiang","victim-code":"hz7-8","lat":29.7624478,"long":119.7023239}},
{"type":"Feature","geometry":null,"properties":{"month":7,"Location":"Hangzhou, Zhejiang","victim-code":"hz7-9","lat":30.5224985,"long":119.1310348}},
{"type":"Feature","geometry":null,"properties":{"month":7,"Location":"Ningbo, Zhejiang","victim-code":"nz7-1","lat":29.868336,"long":121.54399}},
{"type":"Feature","geometry":null,"properties":{"month":7,"Location":"Ningbo, Zhejiang","victim-code":"nz7-2","lat":29.7156849,"long":121.1920987}},
{"type":"Feature","geometry":null,"properties":{"month":7,"Location":"Shanghai","victim-code":"s7-1","lat":31.9373039,"long":120.3615036}},
{"type":"Feature","geometry":null,"properties":{"month":7,"Location":"Shanghai","victim-code":"s7-2","lat":31.6758813,"long":120.5372848}},
{"type":"Feature","geometry":null,"properties":{"month":7,"Location":"Shanghai","victim-code":"s7-3","lat":32.3094777,"long":120.4054489}},
{"type":"Feature","geometry":null,"properties":{"month":7,"Location":"Shanghai","victim-code":"s7-4","lat":31.2635846,"long":121.0646286}},
{"type":"Feature","geometry":null,"properties":{"month":7,"Location":"Shanghai","victim-code":"s7-5","lat":32.1607904,"long":120.0538864}},
{"type":"Feature","geometry":null,"properties":{"month":7,"Location":"Shanghai","victim-code":"s7-6","lat":32.4949943,"long":120.0538864}},
{"type":"Feature","geometry":null,"properties":{"month":7,"Location":"Shanghai","victim-code":"s7-7","lat":31.000167,"long":120.8890911}},
{"type":"Feature","geometry":null,"properties":{"month":7,"Location":"Shanghai","victim-code":"s7-8","lat":31.7880101,"long":120.0978317}},
{"type":"Feature","geometry":null,"properties":{"month":7,"Location":"Shanghai","victim-code":"s7-9","lat":32.3466115,"long":119.7902145}},
{"type":"Feature","geometry":null,"properties":{"month":7,"Location":"Shanghai","victim-code":"s7-10","lat":31.9745895,"long":119.7902145}},
{"type":"Feature","geometry":null,"properties":{"month":7,"Location":"Suzhou, Jiangsu","victim-code":"sj7-1","lat":31.298974,"long":120.585289}},
{"type":"Feature","geometry":null,"properties":{"month":7,"Location":"Tianjin","victim-code":"t7-1","lat":39.3433574,"long":117.3616476}},
{"type":"Feature","geometry":null,"properties":{"month":7,"Location":"Tianjin","victim-code":"t7-2","lat":39.5162402,"long":117.7667389}},
{"type":"Feature","geometry":null,"properties":{"month":7,"Location":"Wenzhou, Zhejiang","victim-code":"wz7-1","lat":27.993828,"long":120.699361}},
{"type":"Feature","geometry":null,"properties":{"month":7,"Location":"Wenzhou, Zhejiang","victim-code":"wz7-2","lat":28.3834875,"long":120.678084}},
{"type":"Feature","geometry":null,"properties":{"month":7,"Location":"Xi'an, Shaanxi","victim-code":"xs7-1","lat":34.341574,"long":108.93977}},
{"type":"Feature","geometry":null,"properties":{"month":7,"Location":"Xi'an, Shaanxi","victim-code":"xs7-2","lat":34.0268955,"long":109.0325762}},
{"type":"Feature","geometry":null,"properties":{"month":7,"Location":"Xi'an, Shaanxi","victim-code":"xs7-3","lat":33.9904669,"long":108.6370684}},
{"type":"Feature","geometry":null,"properties":{"month":7,"Location":"Xi'an, Shaanxi","victim-code":"xs7-4","lat":33.7350297,"long":108.8567949}},
{"type":"Feature","geometry":null,"properties":{"month":7,"Location":"Xi'an, Shaanxi","victim-code":"xs7-5","lat":34.1724534,"long":108.3733965}},
{"type":"Feature","geometry":null,"properties":{"month":7,"Location":"Xi'an, Shaanxi","victim-code":"xs7-6","lat":33.8810874,"long":108.2855059}},
{"type":"Feature","geometry":null,"properties":{"month":7,"Location":"Xi'an, Shaanxi","victim-code":"xs7-7","lat":34.1360874,"long":107.9339434}},
{"type":"Feature","geometry":null,"properties":{"month":7,"Location":"Xi'an, Shaanxi","victim-code":"xs7-8","lat":33.588723,"long":108.5491777}},
{"type":"Feature","geometry":null,"properties":{"month":7,"Location":"Xishuangban'na, Yunnan","victim-code":"xy7-1","lat":22.00881,"long":100.79715}},
{"type":"Feature","geometry":null,"properties":{"month":7,"Location":"Zhengzhou, Henan","victim-code":"zh7-1","lat":34.6076216,"long":113.2952715}},
{"type":"Feature","geometry":null,"properties":{"month":8,"Location":"Beijing","victim-code":"b8-1","lat":41.8464038,"long":117.1404863}},
{"type":"Feature","geometry":null,"properties":{"month":8,"Location":"Beijing","victim-code":"b8-2","lat":40.8734499,"long":117.6238848}},
{"type":"Feature","geometry":null,"properties":{"month":8,"Location":"Beijing","victim-code":"b8-3","lat":40.5068662,"long":117.799666}},
{"type":"Feature","geometry":null,"properties":{"month":8,"Location":"Beijing","victim-code":"b8-4","lat":40.2725685,"long":113.6688066}},
{"type":"Feature","geometry":null,"properties":{"month":8,"Location":"Beijing","victim-code":"b8-5","lat":41.4358903,"long":113.9324785}},
{"type":"Feature","geometry":null,"properties":{"month":8,"Location":"Beijing","victim-code":"b8-6","lat":41.6989203,"long":114.1522051}},
{"type":"Feature","geometry":null,"properties":{"month":8,"Location":"Changsha, Hunan","victim-code":"ch8-1","lat":28.228209,"long":112.938814}},
{"type":"Feature","geometry":null,"properties":{"month":8,"Location":"Shanghai","victim-code":"s8-1","lat":32.5020715,"long":120.744002}},
{"type":"Feature","geometry":null,"properties":{"month":9,"Location":"Guangzhou, Guangdong","victim-code":"gg9-1","lat":24.3961699,"long":113.0708587}},
{"type":"Feature","geometry":null,"properties":{"month":10,"Location":"Jilin, Jilin","victim-code":"jj10-1","lat":43.837883,"long":126.549572}},
{"type":"Feature","geometry":null,"properties":{"month":12,"Location":"Nanjing, Jiangsu","victim-code":"nj12-1","lat":32.060255,"long":118.796877}}
]}